<?xml version="1.0"?>
<project version="1.0" langid="fr" based-on=""><localizations><validationmethods><validationmethod name="InvoiceNumber"><data name="errormessage" default="Please enter a valid invoice number" xml:space="preserve"><value>Veuillez saisir un num&#09;o de facture valide</value></data></validationmethod><validationmethod name="PurchaseOrderNumber"><data name="errormessage" default="Please enter a valid purchase order number" xml:space="preserve"><value>Veuillez saisir un num&#09;o de commande valide</value></data></validationmethod><validationmethod name="DocumentType"><data name="errormessage" default="Please enter a valid document type" xml:space="preserve"><value>Veuillez saisir un type de document valide</value></data></validationmethod><validationmethod name="LineItemUnitOfMeasure"><data name="errormessage" default="Please enter a valid unit of measure" xml:space="preserve"><value>Veuillez saisir une unit&#09;de mesure valide</value></data></validationmethod><validationmethod name="Currency"><data name="errormessage" default="Please enter a valid currency" xml:space="preserve"><value>Veuillez saisir une devise valide</value></data></validationmethod><validationmethod name="ProblemReporting"><data name="errormessage" default="Please enter a meaningful description" xml:space="preserve"><value>Veuillez saisir une description significative </value></data></validationmethod></validationmethods><globalcolumns><globalcolumn gcid="0"><data name="columnheader" default="Line Item Number" xml:space="preserve"><value>Num&#09;o de ligne</value></data></globalcolumn><globalcolumn gcid="1"><data name="columnheader" default="Quantity" xml:space="preserve"><value>Quantité</value></data></globalcolumn><globalcolumn gcid="2"><data name="columnheader" default="Description" xml:space="preserve"><value>Description</value></data></globalcolumn><globalcolumn gcid="3"><data name="columnheader" default="Unit Price" xml:space="preserve"><value>Prix unitaire</value></data></globalcolumn><globalcolumn gcid="4"><data name="columnheader" default="Total Price" xml:space="preserve"><value>Prix total</value></data></globalcolumn><globalcolumn gcid="5"><data name="columnheader" default="Discount Rate" xml:space="preserve"><value>Taux de remise</value></data></globalcolumn><globalcolumn gcid="6"><data name="columnheader" default="U of Q" xml:space="preserve"><value>U de Q</value></data></globalcolumn><globalcolumn gcid="7"><data name="columnheader" default="Article Code" xml:space="preserve"><value>Code Article</value></data></globalcolumn><globalcolumn gcid="8"><data name="columnheader" default="Supplier Article Code" xml:space="preserve"><value>Code article du fournisseur</value></data></globalcolumn><globalcolumn gcid="9"><data name="columnheader" default="PO Number" xml:space="preserve"><value>Numéro du bon de commande</value></data></globalcolumn><globalcolumn gcid="10"><data name="columnheader" default="Delivery Note Number" xml:space="preserve"><value>Num&#09;o du bon de livraison</value></data></globalcolumn><globalcolumn gcid="11"><data name="columnheader" default="Tax Rate" xml:space="preserve"><value>Taux de TVA</value></data></globalcolumn><globalcolumn gcid="10000"><data name="columnheader" default="PO Item Number" xml:space="preserve"><value>Num&#09;o de commande</value></data></globalcolumn><globalcolumn gcid="15000"><data name="columnheader" default="Tax" xml:space="preserve"><value>TVA</value></data></globalcolumn><globalcolumn gcid="15001"><data name="columnheader" default="Discount" xml:space="preserve"><value>Remise</value></data></globalcolumn><globalcolumn gcid="16000"><data name="columnheader" default="Match Remark" xml:space="preserve"><value>Match Remark</value></data></globalcolumn><globalcolumn gcid="20001"><data name="columnheader" default="U of M" xml:space="preserve"><value>U de M</value></data></globalcolumn></globalcolumns><classes><class name="Invoice"><fields><field name="VendorValid"><data name="displayname" default="Vendor Valid" xml:space="preserve"><value>fournisseur valide</value></data></field><field name="VendorID"><data name="displayname" default="ID Number" xml:space="preserve"><value>Id fournisseur</value></data></field><field name="VendorCompanyCode"><data name="displayname" default="Company Code" xml:space="preserve"><value>Code société</value></data></field><field name="VendorName"><data name="displayname" default="Name" xml:space="preserve"><value>Nom</value></data></field><field name="VendorStreet"><data name="displayname" default="Street" xml:space="preserve"><value>Rue</value></data></field><field name="VendorPostCode"><data name="displayname" default="Post Code" xml:space="preserve"><value>Code Postal</value></data></field><field name="VendorTownCity"><data name="displayname" default="Town/City" xml:space="preserve"><value>Ville</value></data></field><field name="VendorCountry"><data name="displayname" default="Country" xml:space="preserve"><value>Pays</value></data></field><field name="VendorVatID"><data name="displayname" default="Vat ID" xml:space="preserve"><value>Numéro de TVA</value></data></field><field name="VendorBankCode"><data name="displayname" default="number" xml:space="preserve"><value>num&#09;o</value></data></field><field name="VendorBankAccountNumber"><data name="displayname" default="Bank Account Number" xml:space="preserve"><value>Num&#09;o de compte bancaire</value></data></field><field name="VendorTelephone"><data name="displayname" default="Telephone" xml:space="preserve"><value>T&#09;&#09;hone</value></data></field><field name="VendorFax"><data name="displayname" default="Fax" xml:space="preserve"><value>Fax</value></data></field><field name="VendorEmail"><data name="displayname" default="Email" xml:space="preserve"><value>Email</value></data></field><field name="VendorURL"><data name="displayname" default="URL" xml:space="preserve"><value>URL</value></data></field><field name="DocumentType"><data name="displayname" default="Document Type" xml:space="preserve"><value>Type de document</value></data></field><field name="InvoiceNumber"><data name="displayname" default="Invoice Number" xml:space="preserve"><value>Facture</value></data></field><field name="InvoiceDate"><data name="displayname" default="Invoice Date" xml:space="preserve"><value>Date de facture</value></data></field><field name="PurchaseOrderNumber"><data name="displayname" default="PO Number" xml:space="preserve"><value>Numéro de commande</value></data></field><field name="SubTotal"><data name="displayname" default="Sub-Total" xml:space="preserve"><value>Sous-total</value></data></field><field name="NetAmount0"><data name="displayname" default="Tax Free Amount" xml:space="preserve"><value>Montant exonéré</value></data></field><field name="NetAmount1"><data name="displayname" default="Net Amount 1" xml:space="preserve"><value>Montant Net 1</value></data></field><field name="TaxRate1"><data name="displayname" default="Tax Rate % 1" xml:space="preserve"><value>Taux de TVA 1</value></data></field><field name="TaxAmount1"><data name="displayname" default="Tax Amount 1" xml:space="preserve"><value>Montant de TVA 1</value></data></field><field name="NetAmount2"><data name="displayname" default="Net Amount 2" xml:space="preserve"><value>Montant Net 2</value></data></field><field name="TaxRate2"><data name="displayname" default="Tax Rate % 2" xml:space="preserve"><value>Taux de TVA 2</value></data></field><field name="TaxAmount2"><data name="displayname" default="Tax Amount 2" xml:space="preserve"><value>Montant de TVA 2</value></data></field><field name="Postage"><data name="displayname" default="Postage" xml:space="preserve"><value>Frais de port</value></data></field><field name="Packaging"><data name="displayname" default="Packaging" xml:space="preserve"><value>Emballage</value></data></field><field name="Discount"><data name="displayname" default="Discount" xml:space="preserve"><value>Remise</value></data></field><field name="TotalAmount"><data name="displayname" default="Total Amount" xml:space="preserve"><value>Montant Total</value></data></field><field name="Currency"><data name="displayname" default="Currency" xml:space="preserve"><value>Devise</value></data></field><field name="ProblemReporting"><data name="displayname" default="Reason" xml:space="preserve"><value>Raison</value></data></field></fields><validationforms><validationform instanceID="0"><validationtabs><validationtab index="0"><data name="text" default="Header Data" xml:space="preserve"><value>Information d&apos;entête</value></data><validationgroups><validationgroup name="Group1"><data name="text" default="Invoice" xml:space="preserve"><value>Facture</value></data></validationgroup><validationgroup name="Group2"><data name="text" default="Purchase Order" xml:space="preserve"><value>Bon de commande</value></data></validationgroup><validationgroup name="Group0"><data name="text" default="[F6 - Alternative Vendors]   [F7 - Vendor Fuzzy Search]" xml:space="preserve"><value>[F6 - Autres fournisseurs trouvés] [F7 - Recherche floue du fournisseur]</value></data></validationgroup><validationgroup name="Group4"><data name="text" default="Problem Reporting" xml:space="preserve"><value>Rapport d&apos;incident</value></data></validationgroup></validationgroups><validationlabels></validationlabels><validationbuttons></validationbuttons><validationtables></validationtables></validationtab><validationtab index="1"><data name="text" default="Line Items &amp;&amp; Amounts" xml:space="preserve"><value>Montants des lignes </value></data><validationgroups><validationgroup name="Group3"><data name="text" default="Amounts" xml:space="preserve"><value>Montants</value></data></validationgroup></validationgroups><validationlabels><validationlabel name="lblTableHotKeys"><data name="text" default="[Ctrl + F9 - Remove PO number from all line items]    [Ctrl + F10 - Delete all line items]" xml:space="preserve"><value>[Ctrl + F9 -  Supprimer le numéro de commande pour toutes les lignes]   [Ctrl + F10 - Supprimer toutes les lignes]</value></data></validationlabel></validationlabels><validationbuttons></validationbuttons><validationtables></validationtables></validationtab><validationtab index="2"><data name="text" default="Buttons" xml:space="preserve"><value>Boutons</value></data><validationgroups></validationgroups><validationlabels></validationlabels><validationbuttons><validationbutton name="btnDBAlternatives"><data name="text" default="F6 - Alternatives" xml:space="preserve"><value>F6 - Alternatives</value></data><data name="dialogcaption" default="Alternatives" xml:space="preserve"><value>Alternatives</value></data><data name="listcaption" default="Possible alternatives" xml:space="preserve"><value>Alternatives selectionnées</value></data></validationbutton><validationbutton name="btnDBFuzzy"><data name="text" default="F7 - DB Fuzzy Search" xml:space="preserve"><value>F7 - Recherche Floue (fichier texte)</value></data><data name="dialogcaption" default="Suppliers" xml:space="preserve"><value>Fournisseur</value></data><data name="listcaption" default="Search for..." xml:space="preserve"><value>Rechercher...</value></data></validationbutton><validationbutton name="btnLineItemsDeleteAll"><data name="text" default="Ctrl + F10 - Delete all line items" xml:space="preserve"><value>Ctrl + F10 - Supprimer toutes les lignes</value></data></validationbutton><validationbutton name="btnLineItemsRemoveAllPOs"><data name="text" default="Ctrl + F9 - Remove PO number from all line items" xml:space="preserve"><value>Ctrl + F9 - Supprimer le numéro de bon de commande pour toutes les lignes</value></data></validationbutton></validationbuttons><validationtables></validationtables></validationtab></validationtabs></validationform></validationforms></class><class name="NonInvoice"><validationforms></validationforms></class></classes><scriptresources><scriptresource name="VendorIdentification"><data name="text" default="Identification was confident" xml:space="preserve"><value>l&apos;identification est sûre</value></data></scriptresource><scriptresource name="VendorConfirmation"><data name="text" default="Please confirm that this is the correct vendor" xml:space="preserve"><value>Veuillez confirmer qu&apos;il s&apos;agit du bon fournisseur</value></data></scriptresource><scriptresource name="VendorConfirmed"><data name="text" default="Confirmed" xml:space="preserve"><value>Confirmé</value></data></scriptresource><scriptresource name="VendorIDEmpty"><data name="text" default="Vendor ID required" xml:space="preserve"><value>ID fournisseur nécessaire</value></data></scriptresource><scriptresource name="DocumentType1"><data name="text" default="PO Invoice|1" xml:space="preserve"><value>Facture avec Bon de Commande|1</value></data></scriptresource><scriptresource name="DocumentType2"><data name="text" default="Non PO Invoice|2" xml:space="preserve"><value>Facture sans Bon de Commande|2</value></data></scriptresource><scriptresource name="DocumentType3"><data name="text" default="PO Credit|3" xml:space="preserve"><value>Avoir avec Bon de Commande|3</value></data></scriptresource><scriptresource name="DocumentType4"><data name="text" default="Non PO Credit|4" xml:space="preserve"><value>Avoir sans Bon de Commande|4</value></data></scriptresource><scriptresource name="ErrorDescription_DocumentTypePurchaseOrderNumber"><data name="text" default="Please check Document Type and Purchase Order Number" xml:space="preserve"><value>Veuillez vérifier le type de document et le numéro de commande</value></data></scriptresource><scriptresource name="Quantity"><data name="text" default="Quantity: Invalid value" xml:space="preserve"><value>Quantité: Valeur incorrecte </value></data></scriptresource><scriptresource name="UnitOfQuantity"><data name="text" default="Unit of Quantity: Invalid value" xml:space="preserve"><value>Unité de quantité: Valeur incorrecte</value></data></scriptresource><scriptresource name="UnitPrice"><data name="text" default="Unit Price: Invalid value" xml:space="preserve"><value>Prix unitaire: Valeur incorrecte</value></data></scriptresource><scriptresource name="Discount"><data name="text" default="Discount: Invalid value" xml:space="preserve"><value>Remise: Valeur incorrecte</value></data></scriptresource><scriptresource name="TotalPrice"><data name="text" default="Total Price: Invalid value" xml:space="preserve"><value>Prix Total: Valeur incorrecte</value></data></scriptresource><scriptresource name="ErrDescriptionLineItemTotalPrice"><data name="text" default="(Quantity/Unit of Quantity) x Unit Price &lt;&gt; Line Item Total Price" xml:space="preserve"><value>(Quantité/Unité de quantité) x Prix unitaire&lt;&gt; Prix total de la ligne</value></data></scriptresource><scriptresource name="ErrDescriptionSubTotal"><data name="text" default="Sub-Total: Invalid Value" xml:space="preserve"><value>Sous-total: Valeur incorrecte</value></data></scriptresource><scriptresource name="ErrDescriptionLineItemSubTotal"><data name="text" default="Line Item Sum &lt;&gt; Sub-Total" xml:space="preserve"><value>Somme des lignes&lt;&gt;Sous-Total</value></data></scriptresource><scriptresource name="ErrDescriptionLineItemSubTotalNoLineItems"><data name="text" default="Either there are no line items or the sum of the line items = 0.00" xml:space="preserve"><value>Soit il n&apos;y a pas de ligne, soit la somme des lignes est égale à 0.0</value></data></scriptresource><scriptresource name="ProblemReportingNone"><data name="text" default="&lt;None&gt;" xml:space="preserve"><value>Aucun</value></data></scriptresource><scriptresource name="ProblemReportingStandardReasons"><data name="text" default="&lt;None&gt;;Poor table extraction;Invoice number;Invoice date;Purchase order number;Currency" xml:space="preserve"><value>Aucun;Mauvaise extraction du tableau;Numéro de facture;Date de facture;Numéro de bon de commande;Devise</value></data></scriptresource><scriptresource name="OLL_Comment1"><data name="text" default="Document_AfterExtract - Automatic Training" xml:space="preserve"><value>Document_AfterExtract - Entrainement automatique</value></data></scriptresource><scriptresource name="OLL_Comment2"><data name="text" default="Extracted value(s) &lt;&gt; Validated value(s)" xml:space="preserve"><value>Valeur(s) extraite(s) &lt;&gt; Valeur(s) validée(s)</value></data></scriptresource><scriptresource name="LineItemsDeleteAllCaption"><data name="text" default="Line Items" xml:space="preserve"><value>Lignes articles</value></data></scriptresource><scriptresource name="LineItemsDeleteAll"><data name="text" default="Delete all line items?" xml:space="preserve"><value>Supprimer toutes les lignes?</value></data></scriptresource><scriptresource name="LineItemsRemoveAllPOs"><data name="text" default="Remove the &apos;Purchase Order Number&apos; from each line item?" xml:space="preserve"><value>Supprimer le numéro de commande pour chaque ligne?</value></data></scriptresource><scriptresource name="DefaultCurrency"><data name="text" default="Default Currency" xml:space="preserve"><value>Devise par défaut</value></data></scriptresource></scriptresources><menus><documentreview><mainmenus><mainmenu key=""><submenus></submenus></mainmenu></mainmenus></documentreview></menus></localizations></project>