<?xml version="1.0"?>
<project version="1.0" langid="de" based-on=""><localizations><validationmethods><validationmethod name="InvoiceNumber"><data name="errormessage" default="Please enter a valid invoice number" xml:space="preserve"><value>Bitte, geben Sie eine gültige Rechnungnummer ein</value></data></validationmethod><validationmethod name="PurchaseOrderNumber"><data name="errormessage" default="Please enter a valid purchase order number" xml:space="preserve"><value>Bitte, geben Sie eine gültige Bestellnummer ein</value></data></validationmethod><validationmethod name="DocumentType"><data name="errormessage" default="Please enter a valid document type" xml:space="preserve"><value>Bitte, geben Sie eine gültige Dokumenttyp ein</value></data></validationmethod><validationmethod name="LineItemUnitOfMeasure"><data name="errormessage" default="Please enter a valid unit of measure" xml:space="preserve"><value>Bitte, geben Sie eine gültige Maßeinheit ein</value></data></validationmethod><validationmethod name="Currency"><data name="errormessage" default="Please enter a valid currency" xml:space="preserve"><value>Bitte, geben Sie eine gültige Währung ein</value></data></validationmethod><validationmethod name="ProblemReporting"><data name="errormessage" default="Please enter a meaningful description" xml:space="preserve"><value>Bitte, geben Sie ein bedeutsames Problem ein</value></data></validationmethod></validationmethods><globalcolumns><globalcolumn gcid="0"><data name="columnheader" default="Line Item Number" xml:space="preserve"><value>Position</value></data></globalcolumn><globalcolumn gcid="1"><data name="columnheader" default="Quantity" xml:space="preserve"><value>Menge</value></data></globalcolumn><globalcolumn gcid="2"><data name="columnheader" default="Description" xml:space="preserve"><value>Beschreibung</value></data></globalcolumn><globalcolumn gcid="3"><data name="columnheader" default="Unit Price" xml:space="preserve"><value>Preiseinheit</value></data></globalcolumn><globalcolumn gcid="4"><data name="columnheader" default="Total Price" xml:space="preserve"><value>Gesamtpreis</value></data></globalcolumn><globalcolumn gcid="5"><data name="columnheader" default="Discount Rate" xml:space="preserve"><value>Rabattsatz</value></data></globalcolumn><globalcolumn gcid="6"><data name="columnheader" default="U of Q" xml:space="preserve"><value>Mengeneinheit</value></data></globalcolumn><globalcolumn gcid="7"><data name="columnheader" default="Article Code" xml:space="preserve"><value>Artikelkode</value></data></globalcolumn><globalcolumn gcid="9"><data name="columnheader" default="PO Number" xml:space="preserve"><value>Bestellnummer</value></data></globalcolumn><globalcolumn gcid="11"><data name="columnheader" default="Tax Rate" xml:space="preserve"><value>Steuersatz</value></data></globalcolumn><globalcolumn gcid="10000"><data name="columnheader" default="PO Item Number" xml:space="preserve"><value>Bestell Position</value></data></globalcolumn><globalcolumn gcid="15000"><data name="columnheader" default="Tax" xml:space="preserve"><value>Steuer</value></data></globalcolumn><globalcolumn gcid="15001"><data name="columnheader" default="Discount" xml:space="preserve"><value>Rabatt</value></data></globalcolumn><globalcolumn gcid="16000"><data name="columnheader" default="Match Remark" xml:space="preserve"><value>Treffe Notiz</value></data></globalcolumn><globalcolumn gcid="20001"><data name="columnheader" default="U of M" xml:space="preserve"><value>Maßeinheit</value></data></globalcolumn></globalcolumns><classes><class name="Invoice"><fields><field name="VendorValid"><data name="displayname" default="Vendor Valid" xml:space="preserve"><value>Gültige Lieferant</value></data></field><field name="VendorID"><data name="displayname" default="ID Number" xml:space="preserve"><value>Lieferanten ID</value></data></field><field name="VendorCompanyCode"><data name="displayname" default="Company Code" xml:space="preserve"><value>Buchungskreis</value></data></field><field name="VendorName"><data name="displayname" default="Name" xml:space="preserve"><value>Name</value></data></field><field name="VendorStreet"><data name="displayname" default="Street" xml:space="preserve"><value>Straße</value></data></field><field name="VendorPostCode"><data name="displayname" default="Post Code" xml:space="preserve"><value>PLZ</value></data></field><field name="VendorTownCity"><data name="displayname" default="Town/City" xml:space="preserve"><value>Stadt/City</value></data></field><field name="VendorCountry"><data name="displayname" default="Country" xml:space="preserve"><value>Land</value></data></field><field name="VendorVatID"><data name="displayname" default="Vat ID" xml:space="preserve"><value>MwSt. ID</value></data></field><field name="VendorBankCode"><data name="displayname" default="number" xml:space="preserve"><value>Bankleitzahl</value></data></field><field name="VendorBankAccountNumber"><data name="displayname" default="Bank Account Number" xml:space="preserve"><value>Kontonummer</value></data></field><field name="VendorTelephone"><data name="displayname" default="Telephone" xml:space="preserve"><value>Telefonnummer</value></data></field><field name="VendorFax"><data name="displayname" default="Fax" xml:space="preserve"><value>Fax</value></data></field><field name="VendorEmail"><data name="displayname" default="Email" xml:space="preserve"><value>Email</value></data></field><field name="VendorURL"><data name="displayname" default="URL" xml:space="preserve"><value>URL</value></data></field><field name="DocumentType"><data name="displayname" default="Document Type" xml:space="preserve"><value>Dokumenttyp</value></data></field><field name="InvoiceNumber"><data name="displayname" default="Invoice Number" xml:space="preserve"><value>Rechnungsnummer</value></data></field><field name="InvoiceDate"><data name="displayname" default="Invoice Date" xml:space="preserve"><value>Rechnungsdatum</value></data></field><field name="PurchaseOrderNumber"><data name="displayname" default="PO Number" xml:space="preserve"><value>Bestellnummer</value></data></field><field name="SubTotal"><data name="displayname" default="Sub-Total" xml:space="preserve"><value>Warenwert</value></data></field><field name="NetAmount0"><data name="displayname" default="Tax Free Amount" xml:space="preserve"><value>Steuerfreier Betrag</value></data></field><field name="NetAmount1"><data name="displayname" default="Net Amount 1" xml:space="preserve"><value>Netto-Betrag 1</value></data></field><field name="TaxRate1"><data name="displayname" default="Tax Rate % 1" xml:space="preserve"><value>Steuersatz % 1</value></data></field><field name="TaxAmount1"><data name="displayname" default="Tax Amount 1" xml:space="preserve"><value>Steuerbetrag 1</value></data></field><field name="NetAmount2"><data name="displayname" default="Net Amount 2" xml:space="preserve"><value>Netto-Betrag 2</value></data></field><field name="TaxRate2"><data name="displayname" default="Tax Rate % 2" xml:space="preserve"><value>Steuersatz % 2</value></data></field><field name="TaxAmount2"><data name="displayname" default="Tax Amount 2" xml:space="preserve"><value>Steuerbetrag 2</value></data></field><field name="Postage"><data name="displayname" default="Postage" xml:space="preserve"><value>Porto</value></data></field><field name="Packaging"><data name="displayname" default="Packaging" xml:space="preserve"><value>Verpackung</value></data></field><field name="Discount"><data name="displayname" default="Discount" xml:space="preserve"><value>Rabatt</value></data></field><field name="TotalAmount"><data name="displayname" default="Total Amount" xml:space="preserve"><value>Gesamtbetrag</value></data></field><field name="Currency"><data name="displayname" default="Currency" xml:space="preserve"><value>Währung</value></data></field><field name="ProblemReporting"><data name="displayname" default="Reason" xml:space="preserve"><value>Grund</value></data></field></fields><validationforms><validationform instanceID="0"><validationtabs><validationtab index="0"><data name="text" default="Header Data" xml:space="preserve"><value>Kopfdaten</value></data><validationgroups><validationgroup name="Group1"><data name="text" default="Invoice" xml:space="preserve"><value>Rechnung</value></data></validationgroup><validationgroup name="Group2"><data name="text" default="Purchase Order" xml:space="preserve"><value>Bestellung</value></data></validationgroup><validationgroup name="Group0"><data name="text" default="[F6 - Alternative Vendors]   [F7 - Vendor Fuzzy Search]" xml:space="preserve"><value>[F6 - Alternative Lieferanten]   [F7 - Lieferanten Fuzzy Suche]</value></data></validationgroup><validationgroup name="Group4"><data name="text" default="Problem Reporting" xml:space="preserve"><value>Problem berichten</value></data></validationgroup></validationgroups><validationlabels></validationlabels><validationbuttons></validationbuttons><validationtables></validationtables></validationtab><validationtab index="1"><data name="text" default="Line Items &amp;&amp; Amounts" xml:space="preserve"><value>Positionen &amp;&amp; Beträge</value></data><validationgroups><validationgroup name="Group3"><data name="text" default="Amounts" xml:space="preserve"><value>Beträge</value></data></validationgroup></validationgroups><validationlabels><validationlabel name="lblTableHotKeys"><data name="text" default="[Ctrl + F9 - Remove PO number from all line items]    [Ctrl + F10 - Delete all line items]" xml:space="preserve"><value>[Ctrl + F9 - Alle Bestellnummern entfernen]    [Ctrl + F10 - Alle Position löschen]</value></data></validationlabel></validationlabels><validationbuttons></validationbuttons><validationtables></validationtables></validationtab><validationtab index="2"><data name="text" default="Buttons" xml:space="preserve"><value>Buttons</value></data><validationgroups></validationgroups><validationlabels></validationlabels><validationbuttons><validationbutton name="btnDBAlternatives"><data name="text" default="F6 - Alternatives" xml:space="preserve"><value>F6 - Alternativen</value></data><data name="dialogcaption" default="Alternatives" xml:space="preserve"><value>Alternativen</value></data><data name="listcaption" default="Possible alternatives" xml:space="preserve"><value>Mögliche Alternativen</value></data></validationbutton><validationbutton name="btnDBFuzzy"><data name="text" default="F7 - DB Fuzzy Search" xml:space="preserve"><value>F7 - DB Fuzzy Suche</value></data><data name="dialogcaption" default="Suppliers" xml:space="preserve"><value>Lieferanten</value></data><data name="listcaption" default="Search for..." xml:space="preserve"><value>Suche nach...</value></data></validationbutton><validationbutton name="btnLineItemsDeleteAll"><data name="text" default="Ctrl + F10 - Delete all line items" xml:space="preserve"><value>Ctrl + F10 - Alle Positionen löschen</value></data></validationbutton><validationbutton name="btnLineItemsRemoveAllPOs"><data name="text" default="Ctrl + F9 - Remove PO number from all line items" xml:space="preserve"><value>Ctrl + F9 - Alle Bestellnummern entfernen</value></data></validationbutton></validationbuttons><validationtables></validationtables></validationtab></validationtabs></validationform></validationforms></class><class name="NonInvoice"><validationforms></validationforms></class></classes><scriptresources><scriptresource name="VendorIdentification"><data name="text" default="Identification was confident" xml:space="preserve"><value>Erkennung war sicher</value></data></scriptresource><scriptresource name="VendorConfirmation"><data name="text" default="Please confirm that this is the correct vendor" xml:space="preserve"><value>Bitte bestätigen</value></data></scriptresource><scriptresource name="VendorConfirmed"><data name="text" default="Confirmed" xml:space="preserve"><value>Bestätigt</value></data></scriptresource><scriptresource name="VendorIDEmpty"><data name="text" default="Vendor ID required" xml:space="preserve"><value>Lieferanten ID benötigt</value></data></scriptresource><scriptresource name="DocumentType1"><data name="text" default="PO Invoice|1" xml:space="preserve"><value>Rechnung mit Bestellbezug|1</value></data></scriptresource><scriptresource name="DocumentType2"><data name="text" default="Non PO Invoice|2" xml:space="preserve"><value>Rechnung ohne Bestellbezug|2</value></data></scriptresource><scriptresource name="DocumentType3"><data name="text" default="PO Credit|3" xml:space="preserve"><value>Gutschrift mit Bestellbezug|3</value></data></scriptresource><scriptresource name="DocumentType4"><data name="text" default="Non PO Credit|4" xml:space="preserve"><value>Gutschrift ohne Bestellbezug|4</value></data></scriptresource><scriptresource name="ErrorDescription_DocumentTypePurchaseOrderNumber"><data name="text" default="Please check Document Type and Purchase Order Number" xml:space="preserve"><value>Überprüfen Sie die Felder Dokumenttyp und Bestellnummer</value></data></scriptresource><scriptresource name="Quantity"><data name="text" default="Quantity: Invalid value" xml:space="preserve"><value>Menge: Ungültige Wert</value></data></scriptresource><scriptresource name="UnitOfQuantity"><data name="text" default="Unit of Quantity: Invalid value" xml:space="preserve"><value>Mengeneinheit: Ungültige Wert</value></data></scriptresource><scriptresource name="UnitPrice"><data name="text" default="Unit Price: Invalid value" xml:space="preserve"><value>Preiseinheit: Ungültige Wert</value></data></scriptresource><scriptresource name="Discount"><data name="text" default="Discount: Invalid value" xml:space="preserve"><value>Rabatt: Ungültige Wert</value></data></scriptresource><scriptresource name="TotalPrice"><data name="text" default="Total Price: Invalid value" xml:space="preserve"><value>Gesmtbetrag: Ungültige Wert</value></data></scriptresource><scriptresource name="ErrDescriptionLineItemTotalPrice"><data name="text" default="(Quantity/Unit of Quantity) x Unit Price &lt;&gt; Line Item Total Price" xml:space="preserve"><value>(Menge/Mengeneinheit) x Preiseinheit &lt;&gt; Positionspreis</value></data></scriptresource><scriptresource name="ErrDescriptionSubTotal"><data name="text" default="Sub-Total: Invalid Value" xml:space="preserve"><value>Warenwert: Ungültige Wert</value></data></scriptresource><scriptresource name="ErrDescriptionLineItemSubTotal"><data name="text" default="Line Item Sum &lt;&gt; Sub-Total" xml:space="preserve"><value>Summe Positionen &lt;&gt; Warenwert</value></data></scriptresource><scriptresource name="ErrDescriptionLineItemSubTotalNoLineItems"><data name="text" default="Either there are no line items or the sum of the line items = 0.00" xml:space="preserve"><value>Entweder sind keine Positionen erfasst, oder die Summe alle Postionen = 0.00</value></data></scriptresource><scriptresource name="ProblemReportingNone"><data name="text" default="&lt;None&gt;" xml:space="preserve"><value>&lt;Keine&gt;</value></data></scriptresource><scriptresource name="ProblemReportingStandardReasons"><data name="text" default="&lt;None&gt;;Poor table extraction;Invoice number;Invoice date;Purchase order number;Currency" xml:space="preserve"><value>&lt;Keine&gt;;Erkennung der Positionen ist immer schlecht;Rechnungsnummer;Rechnungdatum;Bestellnummer;Währung</value></data></scriptresource><scriptresource name="OLL_Comment1"><data name="text" default="Document_AfterExtract - Automatic Training" xml:space="preserve"><value>Document_AfterExtract - Automatic Training</value></data></scriptresource><scriptresource name="OLL_Comment2"><data name="text" default="Extracted value(s) &lt;&gt; Validated value(s)" xml:space="preserve"><value>Extrahierte Werte &lt;&gt; Validaierte Werte</value></data></scriptresource><scriptresource name="LineItemsDeleteAllCaption"><data name="text" default="Line Items" xml:space="preserve"><value>Positionen</value></data></scriptresource><scriptresource name="LineItemsDeleteAll"><data name="text" default="Delete all line items?" xml:space="preserve"><value>Alle Positionen löschen?</value></data></scriptresource><scriptresource name="LineItemsRemoveAllPOs"><data name="text" default="Remove the &apos;Purchase Order Number&apos; from each line item?" xml:space="preserve"><value>Bestellnummer von alle Positionnen entfernen?</value></data></scriptresource><scriptresource name="DefaultCurrency"><data name="text" default="Default Currency" xml:space="preserve"><value>Standard Währung</value></data></scriptresource></scriptresources><menus><documentreview><mainmenus><mainmenu key=""><submenus></submenus></mainmenu></mainmenus></documentreview></menus></localizations></project>